name,sq_km
Texas,685340.54034851
Alaska,1505330.43887948
Kentucky,104576.978495555
