name,sq_mi
Alaska,581208.670413906
Texas,264466.799370416
Kentucky,40377.2117742014
